<PopularNames From="1960" To="2005">
    <Name State="AR" Year="1960" Rank="67" Gender="Female" Name="Dana" Count="70" />
    <Name State="AR" Year="1960" Rank="68" Gender="Male" Name="Scott" Count="69" />
    <Name State="AR" Year="1960" Rank="68" Gender="Female" Name="Vicki" Count="69" />
    <Name State="AR" Year="1960" Rank="69" Gender="Male" Name="Russell" Count="66" />
    <Name State="AR" Year="1960" Rank="69" Gender="Female" Name="Charlotte" Count="68" />
    <Name State="AR" Year="1960" Rank="70" Gender="Male" Name="Bruce" Count="65" />
    <Name State="AR" Year="1960" Rank="70" Gender="Female" Name="Dorothy" Count="68" />
    <Name State="AR" Year="1960" Rank="71" Gender="Male" Name="Don" Count="64" />
    <Name State="AR" Year="1960" Rank="71" Gender="Female" Name="Alice" Count="66" />
    <Name State="AR" Year="1960" Rank="72" Gender="Male" Name="Walter" Count="64" />
    <Name State="AR" Year="1960" Rank="72" Gender="Female" Name="Gloria" Count="65" />
    <Name State="AR" Year="1960" Rank="73" Gender="Male" Name="Alan" Count="63" />
    <Name State="AR" Year="1960" Rank="73" Gender="Female" Name="Margaret" Count="65" />
    <Name State="AR" Year="1960" Rank="74" Gender="Male" Name="Tim" Count="62" />
    <Name State="AR" Year="1960" Rank="74" Gender="Female" Name="Becky" Count="64" />
    <Name State="AR" Year="1960" Rank="75" Gender="Male" Name="Gerald" Count="59" />
    <Name State="AR" Year="1960" Rank="75" Gender="Female" Name="Bonnie" Count="61" />
    <Name State="AR" Year="1960" Rank="76" Gender="Male" Name="Ray" Count="59" />
    <Name State="AR" Year="1960" Rank="76" Gender="Female" Name="Jo" Count="60" />
    <Name State="AR" Year="1960" Rank="77" Gender="Male" Name="Lee" Count="58" />
    <Name State="AR" Year="1960" Rank="77" Gender="Female" Name="Ruby" Count="60" />
    <Name State="AR" Year="1960" Rank="78" Gender="Male" Name="Jeff" Count="57" />
    <Name State="AR" Year="1960" Rank="78" Gender="Female" Name="Diana" Count="56" />
    <Name State="AR" Year="1960" Rank="79" Gender="Male" Name="Greg" Count="55" />
    <Name State="AR" Year="1960" Rank="79" Gender="Female" Name="Gwendolyn" Count="56" />
    <Name State="AR" Year="1960" Rank="80" Gender="Male" Name="Rodney" Count="53" />
    <Name State="AR" Year="1960" Rank="80" Gender="Female" Name="Penny" Count="56" />
    <Name State="AR" Year="1960" Rank="81" Gender="Male" Name="Wayne" Count="52" />
    <Name State="AR" Year="1960" Rank="81" Gender="Female" Name="Terry" Count="56" />
    <Name State="AR" Year="1960" Rank="82" Gender="Male" Name="Donnie" Count="51" />
    <Name State="AR" Year="1960" Rank="82" Gender="Female" Name="Lori" Count="55" />
    <Name State="AR" Year="1960" Rank="83" Gender="Male" Name="Freddie" Count="51" />
    <Name State="AR" Year="1960" Rank="83" Gender="Female" Name="Denise" Count="54" />
    <Name State="AR" Year="1960" Rank="84" Gender="Male" Name="Kenny" Count="51" />
    <Name State="AR" Year="1960" Rank="84" Gender="Female" Name="Virginia" Count="54" />
    <Name State="AR" Year="1960" Rank="85" Gender="Male" Name="Bill" Count="50" />
    <Name State="AR" Year="1960" Rank="85" Gender="Female" Name="Kelly" Count="53" />
    <Name State="AR" Year="1960" Rank="86" Gender="Male" Name="Jackie" Count="50" />
    <Name State="AR" Year="1960" Rank="86" Gender="Female" Name="Loretta" Count="53" />
    <Name State="AR" Year="1960" Rank="87" Gender="Male" Name="Lonnie" Count="50" />
    <Name State="AR" Year="1960" Rank="87" Gender="Female" Name="Tammie" Count="53" />
    <Name State="AR" Year="1960" Rank="88" Gender="Male" Name="Marvin" Count="50" />
    <Name State="AR" Year="1960" Rank="88" Gender="Female" Name="Jackie" Count="52" />
    <Name State="AR" Year="1960" Rank="89" Gender="Male" Name="Chris" Count="48" />
    <Name State="AR" Year="1960" Rank="89" Gender="Female" Name="Melinda" Count="52" />
    <Name State="AR" Year="1960" Rank="90" Gender="Male" Name="Arthur" Count="47" />
    <Name State="AR" Year="1960" Rank="90" Gender="Female" Name="Bobbie" Count="51" />
    <Name State="AR" Year="1960" Rank="91" Gender="Male" Name="Henry" Count="47" />
    <Name State="AR" Year="1960" Rank="91" Gender="Female" Name="Belinda" Count="50" />
    <Name State="AR" Year="1960" Rank="92" Gender="Male" Name="Eric" Count="46" />
    <Name State="AR" Year="1960" Rank="92" Gender="Female" Name="Kathryn" Count="50" />
    <Name State="AR" Year="1960" Rank="93" Gender="Male" Name="Frank" Count="46" />
    <Name State="AR" Year="1960" Rank="93" Gender="Female" Name="Jacqueline" Count="49" />
    <Name State="AR" Year="1960" Rank="94" Gender="Male" Name="Bryan" Count="45" />
    <Name State="AR" Year="1960" Rank="94" Gender="Female" Name="Stephanie" Count="48" />
    <Name State="AR" Year="1960" Rank="95" Gender="Male" Name="Jack" Count="45" />
    <Name State="AR" Year="1960" Rank="95" Gender="Female" Name="Pam" Count="47" />
    <Name State="AR" Year="1960" Rank="96" Gender="Male" Name="Allen" Count="44" />
    <Name State="AR" Year="1960" Rank="96" Gender="Female" Name="Helen" Count="46" />
    <Name State="AR" Year="1960" Rank="97" Gender="Male" Name="Craig" Count="44" />
    <Name State="AR" Year="1960" Rank="97" Gender="Female" Name="Tracy" Count="46" />
    <Name State="AR" Year="1960" Rank="98" Gender="Male" Name="Howard" Count="44" />
    <Name State="AR" Year="1960" Rank="98" Gender="Female" Name="Katherine" Count="45" />
    <Name State="AR" Year="1960" Rank="99" Gender="Male" Name="Patrick" Count="44" />
    <Name State="AR" Year="1960" Rank="99" Gender="Female" Name="Darlene" Count="44" />
    <Name State="AR" Year="1960" Rank="100" Gender="Male" Name="Timmy" Count="44" />
    <Name State="AR" Year="1960" Rank="100" Gender="Female" Name="Evelyn" Count="44" />
    <Name State="AR" Year="1960" Rank="101" Gender="Male" Name="Tracy" Count="44" />
    <Name State="AR" Year="1960" Rank="101" Gender="Female" Name="Valerie" Count="44" />
    <Name State="AZ" Year="1960" Rank="1" Gender="Male" Name="David" Count="708" />
    <Name State="AZ" Year="1960" Rank="1" Gender="Female" Name="Mary" Count="407" />
    <Name State="AZ" Year="1960" Rank="2" Gender="Male" Name="Robert" Count="600" />
    <Name State="AZ" Year="1960" Rank="2" Gender="Female" Name="Lisa" Count="250" />
    <Name State="AZ" Year="1960" Rank="3" Gender="Male" Name="Michael" Count="598" />
    <Name State="AZ" Year="1960" Rank="3" Gender="Female" Name="Patricia" Count="245" />
    <Name State="AZ" Year="1960" Rank="4" Gender="Male" Name="John" Count="549" />
    <Name State="AZ" Year="1960" Rank="4" Gender="Female" Name="Linda" Count="241" />
    <Name State="AZ" Year="1960" Rank="5" Gender="Male" Name="James" Count="503" />
    <Name State="AZ" Year="1960" Rank="5" Gender="Female" Name="Susan" Count="214" />
    <Name State="AZ" Year="1960" Rank="6" Gender="Male" Name="Mark" Count="486" />
    <Name State="AZ" Year="1960" Rank="6" Gender="Female" Name="Sandra" Count="206" />
    <Name State="AZ" Year="1960" Rank="7" Gender="Male" Name="Richard" Count="436" />
    <Name State="AZ" Year="1960" Rank="7" Gender="Female" Name="Debbie" Count="199" />
    <Name State="AZ" Year="1960" Rank="8" Gender="Male" Name="William" Count="305" />
    <Name State="AZ" Year="1960" Rank="8" Gender="Female" Name="Karen" Count="199" />
    <Name State="AZ" Year="1960" Rank="9" Gender="Male" Name="Steven" Count="238" />
    <Name State="AZ" Year="1960" Rank="9" Gender="Female" Name="Deborah" Count="185" />
    <Name State="AZ" Year="1960" Rank="10" Gender="Male" Name="Thomas" Count="238" />
    <Name State="AZ" Year="1960" Rank="10" Gender="Female" Name="Debra" Count="184" />
    <Name State="AZ" Year="1960" Rank="11" Gender="Male" Name="Daniel" Count="212" />
    <Name State="AZ" Year="1960" Rank="11" Gender="Female" Name="Brenda" Count="182" />
    <Name State="AZ" Year="1960" Rank="12" Gender="Male" Name="Paul" Count="202" />
    <Name State="AZ" Year="1960" Rank="12" Gender="Female" Name="Elizabeth" Count="178" />
    <Name State="AZ" Year="1960" Rank="13" Gender="Male" Name="Scott" Count="195" />
    <Name State="AZ" Year="1960" Rank="13" Gender="Female" Name="Donna" Count="174" />
    <Name State="AZ" Year="1960" Rank="14" Gender="Male" Name="Charles" Count="184" />
    <Name State="AZ" Year="1960" Rank="14" Gender="Female" Name="Barbara" Count="173" />
    <Name State="AZ" Year="1960" Rank="15" Gender="Male" Name="Mike" Count="178" />
    <Name State="AZ" Year="1960" Rank="15" Gender="Female" Name="Cynthia" Count="160" />
    <Name State="AZ" Year="1960" Rank="16" Gender="Male" Name="Ronald" Count="169" />
    <Name State="AZ" Year="1960" Rank="16" Gender="Female" Name="Cindy" Count="155" />
    <Name State="AZ" Year="1960" Rank="17" Gender="Male" Name="Kevin" Count="163" />
    <Name State="AZ" Year="1960" Rank="17" Gender="Female" Name="Kathy" Count="155" />
    <Name State="AZ" Year="1960" Rank="18" Gender="Male" Name="Kenneth" Count="159" />
    <Name State="AZ" Year="1960" Rank="18" Gender="Female" Name="Maria" Count="155" />
    <Name State="AZ" Year="1960" Rank="19" Gender="Male" Name="Timothy" Count="156" />
    <Name State="AZ" Year="1960" Rank="19" Gender="Female" Name="Lori" Count="146" />
    <Name State="AZ" Year="1960" Rank="20" Gender="Male" Name="Gary" Count="154" />
    <Name State="AZ" Year="1960" Rank="20" Gender="Female" Name="Nancy" Count="141" />
    <Name State="AZ" Year="1960" Rank="21" Gender="Male" Name="Larry" Count="153" />
    <Name State="AZ" Year="1960" Rank="21" Gender="Female" Name="Laura" Count="139" />
    <Name State="AZ" Year="1960" Rank="22" Gender="Male" Name="Joseph" Count="146" />
    <Name State="AZ" Year="1960" Rank="22" Gender="Female" Name="Teresa" Count="135" />
    <Name State="AZ" Year="1960" Rank="23" Gender="Male" Name="Donald" Count="141" />
    <Name State="AZ" Year="1960" Rank="23" Gender="Female" Name="Pamela" Count="130" />
    <Name State="AZ" Year="1960" Rank="24" Gender="Male" Name="George" Count="141" />
    <Name State="AZ" Year="1960" Rank="24" Gender="Female" Name="Carol" Count="128" />
    <Name State="AZ" Year="1960" Rank="25" Gender="Male" Name="Edward" Count="137" />
    <Name State="AZ" Year="1960" Rank="25" Gender="Female" Name="Sharon" Count="122" />
    <Name State="AZ" Year="1960" Rank="26" Gender="Male" Name="Steve" Count="136" />
    <Name State="AZ" Year="1960" Rank="26" Gender="Female" Name="Julie" Count="114" />
    <Name State="AZ" Year="1960" Rank="27" Gender="Male" Name="Frank" Count="134" />
    <Name State="AZ" Year="1960" Rank="27" Gender="Female" Name="Cheryl" Count="111" />
    <Name State="AZ" Year="1960" Rank="28" Gender="Male" Name="Joe" Count="131" />
    <Name State="AZ" Year="1960" Rank="28" Gender="Female" Name="Janet" Count="110" />
    <Name State="AZ" Year="1960" Rank="29" Gender="Male" Name="Brian" Count="128" />
    <Name State="AZ" Year="1960" Rank="29" Gender="Female" Name="Diane" Count="109" />
    <Name State="AZ" Year="1960" Rank="30" Gender="Male" Name="Anthony" Count="122" />
    <Name State="AZ" Year="1960" Rank="30" Gender="Female" Name="Tammy" Count="105" />
    <Name State="AZ" Year="1960" Rank="31" Gender="Male" Name="Jerry" Count="117" />
    <Name State="AZ" Year="1960" Rank="31" Gender="Female" Name="Diana" Count="102" />
    <Name State="AZ" Year="1960" Rank="32" Gender="Male" Name="Danny" Count="116" />
    <Name State="AZ" Year="1960" Rank="32" Gender="Female" Name="Margaret" Count="102" />
    <Name State="AZ" Year="1960" Rank="33" Gender="Male" Name="Raymond" Count="116" />
    <Name State="AZ" Year="1960" Rank="33" Gender="Female" Name="Rebecca" Count="102" />
    <Name State="AZ" Year="1960" Rank="34" Gender="Male" Name="Dennis" Count="115" />
    <Name State="AZ" Year="1960" Rank="34" Gender="Female" Name="Gloria" Count="97" />
    <Name State="AZ" Year="1960" Rank="35" Gender="Male" Name="Gregory" Count="114" />
    <Name State="AZ" Year="1960" Rank="35" Gender="Female" Name="Kathleen" Count="97" />
    <Name State="AZ" Year="1960" Rank="36" Gender="Male" Name="Douglas" Count="104" />
    <Name State="AZ" Year="1960" Rank="36" Gender="Female" Name="Denise" Count="96" />
    <Name State="AZ" Year="1960" Rank="37" Gender="Male" Name="Randy" Count="104" />
    <Name State="AZ" Year="1960" Rank="37" Gender="Female" Name="Robin" Count="90" />
    <Name State="AZ" Year="1960" Rank="38" Gender="Male" Name="Jeffrey" Count="102" />
    <Name State="AZ" Year="1960" Rank="38" Gender="Female" Name="Virginia" Count="90" />
    <Name State="AZ" Year="1960" Rank="39" Gender="Male" Name="Tony" Count="98" />
    <Name State="AZ" Year="1960" Rank="39" Gender="Female" Name="Kelly" Count="88" />
    <Name State="AZ" Year="1960" Rank="40" Gender="Male" Name="Terry" Count="94" />
    <Name State="AZ" Year="1960" Rank="40" Gender="Female" Name="Kim" Count="85" />
    <Name State="AZ" Year="1960" Rank="41" Gender="Male" Name="Christopher" Count="91" />
    <Name State="AZ" Year="1960" Rank="41" Gender="Female" Name="Kimberly" Count="85" />
    <Name State="AZ" Year="1960" Rank="42" Gender="Male" Name="Stephen" Count="90" />
    <Name State="AZ" Year="1960" Rank="42" Gender="Female" Name="Michelle" Count="84" />
    <Name State="AZ" Year="1960" Rank="43" Gender="Male" Name="Jose" Count="87" />
    <Name State="AZ" Year="1960" Rank="43" Gender="Female" Name="Sylvia" Count="84" />
    <Name State="AZ" Year="1960" Rank="44" Gender="Male" Name="Johnny" Count="85" />
    <Name State="AZ" Year="1960" Rank="44" Gender="Female" Name="Annette" Count="81" />
    <Name State="AZ" Year="1960" Rank="45" Gender="Male" Name="Ricky" Count="84" />
    <Name State="AZ" Year="1960" Rank="45" Gender="Female" Name="Anna" Count="80" />
    <Name State="AZ" Year="1960" Rank="46" Gender="Male" Name="Henry" Count="83" />
    <Name State="AZ" Year="1960" Rank="46" Gender="Female" Name="Connie" Count="79" />
    <Name State="AZ" Year="1960" Rank="47" Gender="Male" Name="Jeff" Count="81" />
    <Name State="AZ" Year="1960" Rank="47" Gender="Female" Name="Cathy" Count="78" />
    <Name State="AZ" Year="1960" Rank="48" Gender="Male" Name="Arthur" Count="75" />
    <Name State="AZ" Year="1960" Rank="48" Gender="Female" Name="Catherine" Count="75" />
    <Name State="AZ" Year="1960" Rank="49" Gender="Male" Name="Eric" Count="74" />
    <Name State="AZ" Year="1960" Rank="49" Gender="Female" Name="Martha" Count="75" />
    <Name State="AZ" Year="1960" Rank="50" Gender="Male" Name="Roger" Count="74" />
    <Name State="AZ" Year="1960" Rank="50" Gender="Female" Name="Terri" Count="72" />
    <Name State="AZ" Year="1960" Rank="51" Gender="Male" Name="Manuel" Count="73" />
    <Name State="AZ" Year="1960" Rank="51" Gender="Female" Name="Christine" Count="71" />
    <Name State="AZ" Year="1960" Rank="52" Gender="Male" Name="Patrick" Count="73" />
    <Name State="AZ" Year="1960" Rank="52" Gender="Female" Name="Tina" Count="71" />
    <Name State="AZ" Year="1960" Rank="53" Gender="Male" Name="Jim" Count="72" />
    <Name State="AZ" Year="1960" Rank="53" Gender="Female" Name="Theresa" Count="69" />
    <Name State="AZ" Year="1960" Rank="54" Gender="Male" Name="Bruce" Count="71" />
    <Name State="AZ" Year="1960" Rank="54" Gender="Female" Name="Carolyn" Count="67" />
    <Name State="AZ" Year="1960" Rank="55" Gender="Male" Name="Gilbert" Count="68" />
    <Name State="AZ" Year="1960" Rank="55" Gender="Female" Name="Rhonda" Count="67" />
    <Name State="AZ" Year="1960" Rank="56" Gender="Male" Name="Albert" Count="67" />
    <Name State="AZ" Year="1960" Rank="56" Gender="Female" Name="Rose" Count="67" />
    <Name State="AZ" Year="1960" Rank="57" Gender="Male" Name="Ernest" Count="67" />
    <Name State="AZ" Year="1960" Rank="57" Gender="Female" Name="Laurie" Count="66" />
    <Name State="AZ" Year="1960" Rank="58" Gender="Male" Name="Victor" Count="67" />
    <Name State="AZ" Year="1960" Rank="58" Gender="Female" Name="Shirley" Count="65" />
    <Name State="AZ" Year="1960" Rank="59" Gender="Male" Name="Keith" Count="65" />
    <Name State="AZ" Year="1960" Rank="59" Gender="Female" Name="Irene" Count="61" />
    <Name State="AZ" Year="1960" Rank="60" Gender="Male" Name="Ralph" Count="64" />
    <Name State="AZ" Year="1960" Rank="60" Gender="Female" Name="Jennifer" Count="59" />
    <Name State="AZ" Year="1960" Rank="61" Gender="Male" Name="Peter" Count="63" />
    <Name State="AZ" Year="1960" Rank="61" Gender="Female" Name="Vicki" Count="59" />
    <Name State="AZ" Year="1960" Rank="62" Gender="Male" Name="Jimmy" Count="62" />
    <Name State="AZ" Year="1960" Rank="62" Gender="Female" Name="Yolanda" Count="59" />
    <Name State="AZ" Year="1960" Rank="63" Gender="Male" Name="Martin" Count="61" />
    <Name State="AZ" Year="1960" Rank="63" Gender="Female" Name="Alice" Count="58" />
    <Name State="AZ" Year="1960" Rank="64" Gender="Male" Name="Roy" Count="61" />
    <Name State="AZ" Year="1960" Rank="64" Gender="Female" Name="Becky" Count="58" />
    <Name State="AZ" Year="1960" Rank="65" Gender="Male" Name="Chris" Count="60" />
    <Name State="AZ" Year="1960" Rank="65" Gender="Female" Name="Judy" Count="58" />
    <Name State="AZ" Year="1960" Rank="66" Gender="Male" Name="Phillip" Count="60" />
    <Name State="AZ" Year="1960" Rank="66" Gender="Female" Name="Christina" Count="57" />
    <Name State="AZ" Year="1960" Rank="67" Gender="Male" Name="Russell" Count="60" />
    <Name State="AZ" Year="1960" Rank="67" Gender="Female" Name="Dawn" Count="56" />
    <Name State="AZ" Year="1960" Rank="68" Gender="Male" Name="Tom" Count="60" />
    <Name State="AZ" Year="1960" Rank="68" Gender="Female" Name="Janice" Count="55" />
    <Name State="AZ" Year="1960" Rank="69" Gender="Male" Name="Matthew" Count="59" />
    <Name State="AZ" Year="1960" Rank="69" Gender="Female" Name="Lorraine" Count="55" />
    <Name State="AZ" Year="1960" Rank="70" Gender="Male" Name="Tim" Count="59" />
    <Name State="AZ" Year="1960" Rank="70" Gender="Female" Name="Peggy" Count="55" />
    <Name State="AZ" Year="1960" Rank="71" Gender="Male" Name="Wayne" Count="58" />
    <Name State="AZ" Year="1960" Rank="71" Gender="Female" Name="Paula" Count="53" />
    <Name State="AZ" Year="1960" Rank="72" Gender="Male" Name="Craig" Count="57" />
    <Name State="AZ" Year="1960" Rank="72" Gender="Female" Name="Terry" Count="53" />
    <Name State="AZ" Year="1960" Rank="73" Gender="Male" Name="Dale" Count="57" />
    <Name State="AZ" Year="1960" Rank="73" Gender="Female" Name="Carmen" Count="52" />
    <Name State="AZ" Year="1960" Rank="74" Gender="Male" Name="Eddie" Count="57" />
    <Name State="AZ" Year="1960" Rank="74" Gender="Female" Name="Sherry" Count="52" />
    <Name State="AZ" Year="1960" Rank="75" Gender="Male" Name="Bobby" Count="56" />
    <Name State="AZ" Year="1960" Rank="75" Gender="Female" Name="Angela" Count="51" />
    <Name State="AZ" Year="1960" Rank="76" Gender="Male" Name="Bill" Count="55" />
    <Name State="AZ" Year="1960" Rank="76" Gender="Female" Name="Victoria" Count="51" />
    <Name State="AZ" Year="1960" Rank="77" Gender="Male" Name="Carlos" Count="55" />
    <Name State="AZ" Year="1960" Rank="77" Gender="Female" Name="Wendy" Count="51" />
    <Name State="AZ" Year="1960" Rank="78" Gender="Male" Name="Leonard" Count="55" />
    <Name State="AZ" Year="1960" Rank="78" Gender="Female" Name="Beverly" Count="48" />
    <Name State="AZ" Year="1960" Rank="79" Gender="Male" Name="Jack" Count="54" />
    <Name State="AZ" Year="1960" Rank="79" Gender="Female" Name="Frances" Count="48" />
    <Name State="AZ" Year="1960" Rank="80" Gender="Male" Name="Fred" Count="53" />
    <Name State="AZ" Year="1960" Rank="80" Gender="Female" Name="Kathryn" Count="48" />
    <Name State="AZ" Year="1960" Rank="81" Gender="Male" Name="Billy" Count="51" />
    <Name State="AZ" Year="1960" Rank="81" Gender="Female" Name="Betty" Count="47" />
    <Name State="AZ" Year="1960" Rank="82" Gender="Male" Name="Greg" Count="51" />
    <Name State="AZ" Year="1960" Rank="82" Gender="Female" Name="Katherine" Count="47" />
    <Name State="AZ" Year="1960" Rank="83" Gender="Male" Name="Alex" Count="50" />
    <Name State="AZ" Year="1960" Rank="83" Gender="Female" Name="Tracy" Count="46" />
    <Name State="AZ" Year="1960" Rank="84" Gender="Male" Name="Ray" Count="50" />
    <Name State="AZ" Year="1960" Rank="84" Gender="Female" Name="Darlene" Count="45" />
    <Name State="AZ" Year="1960" Rank="85" Gender="Male" Name="Bryan" Count="49" />
    <Name State="AZ" Year="1960" Rank="85" Gender="Female" Name="Dorothy" Count="45" />
    <Name State="AZ" Year="1960" Rank="86" Gender="Male" Name="Ruben" Count="49" />
    <Name State="AZ" Year="1960" Rank="86" Gender="Female" Name="Yvonne" Count="45" />
    <Name State="AZ" Year="1960" Rank="87" Gender="Male" Name="Carl" Count="48" />
    <Name State="AZ" Year="1960" Rank="87" Gender="Female" Name="Ann" Count="43" />
    <Name State="AZ" Year="1960" Rank="88" Gender="Male" Name="Curtis" Count="47" />
    <Name State="AZ" Year="1960" Rank="88" Gender="Female" Name="Julia" Count="43" />
    <Name State="AZ" Year="1960" Rank="89" Gender="Male" Name="Jay" Count="47" />
    <Name State="AZ" Year="1960" Rank="89" Gender="Female" Name="Leslie" Count="43" />
    <Name State="AZ" Year="1960" Rank="90" Gender="Male" Name="Samuel" Count="47" />
    <Name State="AZ" Year="1960" Rank="90" Gender="Female" Name="Lynn" Count="43" />
    <Name State="AZ" Year="1960" Rank="91" Gender="Male" Name="Andrew" Count="46" />
    <Name State="AZ" Year="1960" Rank="91" Gender="Female" Name="Stephanie" Count="43" />
    <Name State="AZ" Year="1960" Rank="92" Gender="Male" Name="Lawrence" Count="46" />
    <Name State="AZ" Year="1960" Rank="92" Gender="Female" Name="Veronica" Count="43" />
    <Name State="AZ" Year="1960" Rank="93" Gender="Male" Name="Tommy" Count="46" />
    <Name State="AZ" Year="1960" Rank="93" Gender="Female" Name="Sandy" Count="42" />
    <Name State="AZ" Year="1960" Rank="94" Gender="Male" Name="Walter" Count="46" />
    <Name State="AZ" Year="1960" Rank="94" Gender="Female" Name="Sarah" Count="42" />
    <Name State="AZ" Year="1960" Rank="95" Gender="Male" Name="Jesse" Count="45" />
    <Name State="AZ" Year="1960" Rank="95" Gender="Female" Name="Suzanne" Count="42" />
    <Name State="AZ" Year="1960" Rank="96" Gender="Male" Name="Juan" Count="45" />
    <Name State="AZ" Year="1960" Rank="96" Gender="Female" Name="Bonnie" Count="41" />
    <Name State="AZ" Year="1960" Rank="97" Gender="Male" Name="Alan" Count="44" />
    <Name State="AZ" Year="1960" Rank="97" Gender="Female" Name="Norma" Count="41" />
    <Name State="AZ" Year="1960" Rank="98" Gender="Male" Name="Alfred" Count="44" />
    <Name State="AZ" Year="1960" Rank="98" Gender="Female" Name="Rosa" Count="41" />
    <Name State="AZ" Year="1960" Rank="99" Gender="Male" Name="Mario" Count="43" />
    <Name State="AZ" Year="1960" Rank="99" Gender="Female" Name="Vickie" Count="41" />
    <Name State="AZ" Year="1960" Rank="100" Gender="Male" Name="Randall" Count="43" />
    <Name State="AZ" Year="1960" Rank="100" Gender="Female" Name="Evelyn" Count="40" />
    <Name State="AZ" Year="1960" Rank="101" Gender="Male" Name="Ronnie" Count="43" />
    <Name State="AZ" Year="1960" Rank="101" Gender="Female" Name="Joan" Count="40" />
    <Name State="CA" Year="1960" Rank="40" Gender="Male" Name="Patrick" Count="996" />
    <Name State="CA" Year="1960" Rank="40" Gender="Female" Name="Laurie" Count="993" />
    <Name State="CA" Year="1960" Rank="41" Gender="Male" Name="Raymond" Count="983" />
    <Name State="CA" Year="1960" Rank="41" Gender="Female" Name="Terri" Count="963" />
    <Name State="CA" Year="1960" Rank="42" Gender="Male" Name="Keith" Count="965" />
    <Name State="CA" Year="1960" Rank="42" Gender="Female" Name="Rebecca" Count="915" />
    <Name State="CA" Year="1960" Rank="43" Gender="Male" Name="Jerry" Count="917" />
    <Name State="CA" Year="1960" Rank="43" Gender="Female" Name="Tina" Count="890" />
    <Name State="CA" Year="1960" Rank="44" Gender="Male" Name="Peter" Count="903" />
    <Name State="CA" Year="1960" Rank="44" Gender="Female" Name="Catherine" Count="876" />
    <Name State="CA" Year="1960" Rank="45" Gender="Male" Name="Jim" Count="886" />
    <Name State="CA" Year="1960" Rank="45" Gender="Female" Name="Jennifer" Count="869" />
    <Name State="CA" Year="1960" Rank="46" Gender="Male" Name="Joe" Count="834" />
    <Name State="CA" Year="1960" Rank="46" Gender="Female" Name="Christine" Count="815" />
    <Name State="CA" Year="1960" Rank="47" Gender="Male" Name="Bruce" Count="812" />
    <Name State="CA" Year="1960" Rank="47" Gender="Female" Name="Margaret" Count="814" />
    <Name State="CA" Year="1960" Rank="48" Gender="Male" Name="Matthew" Count="811" />
    <Name State="CA" Year="1960" Rank="48" Gender="Female" Name="Rhonda" Count="778" />
    <Name State="CA" Year="1960" Rank="49" Gender="Male" Name="Chris" Count="804" />
    <Name State="CA" Year="1960" Rank="49" Gender="Female" Name="Leslie" Count="753" />
    <Name State="CA" Year="1960" Rank="50" Gender="Male" Name="Danny" Count="786" />
    <Name State="CA" Year="1960" Rank="50" Gender="Female" Name="Cathy" Count="750" />
    <Name State="CA" Year="1960" Rank="51" Gender="Male" Name="Jose" Count="754" />
    <Name State="CA" Year="1960" Rank="51" Gender="Female" Name="Tracy" Count="738" />
    <Name State="CA" Year="1960" Rank="52" Gender="Male" Name="Tim" Count="752" />
    <Name State="CA" Year="1960" Rank="52" Gender="Female" Name="Carolyn" Count="700" />
    <Name State="CA" Year="1960" Rank="53" Gender="Male" Name="Andrew" Count="737" />
    <Name State="CA" Year="1960" Rank="53" Gender="Female" Name="Annette" Count="684" />
    <Name State="CA" Year="1960" Rank="54" Gender="Male" Name="Tony" Count="731" />
    <Name State="CA" Year="1960" Rank="54" Gender="Female" Name="Valerie" Count="682" />
    <Name State="CA" Year="1960" Rank="55" Gender="Male" Name="Alan" Count="719" />
    <Name State="CA" Year="1960" Rank="55" Gender="Female" Name="Stephanie" Count="673" />
    <Name State="CA" Year="1960" Rank="56" Gender="Male" Name="Russell" Count="691" />
    <Name State="CA" Year="1960" Rank="56" Gender="Female" Name="Judy" Count="663" />
    <Name State="CA" Year="1960" Rank="57" Gender="Male" Name="Terry" Count="689" />
    <Name State="CA" Year="1960" Rank="57" Gender="Female" Name="Wendy" Count="656" />
    <Name State="CA" Year="1960" Rank="58" Gender="Male" Name="Greg" Count="680" />
    <Name State="CA" Year="1960" Rank="58" Gender="Female" Name="Renee" Count="653" />
    <Name State="CA" Year="1960" Rank="59" Gender="Male" Name="Martin" Count="661" />
    <Name State="CA" Year="1960" Rank="59" Gender="Female" Name="Janice" Count="652" />
    <Name State="CA" Year="1960" Rank="60" Gender="Male" Name="Roger" Count="646" />
    <Name State="CA" Year="1960" Rank="60" Gender="Female" Name="Katherine" Count="645" />
    <Name State="CA" Year="1960" Rank="61" Gender="Male" Name="Jon" Count="636" />
    <Name State="CA" Year="1960" Rank="61" Gender="Female" Name="Jill" Count="623" />
    <Name State="CA" Year="1960" Rank="62" Gender="Male" Name="Dale" Count="631" />
    <Name State="CA" Year="1960" Rank="62" Gender="Female" Name="Paula" Count="623" />
    <Name State="CA" Year="1960" Rank="63" Gender="Male" Name="Rick" Count="631" />
    <Name State="CA" Year="1960" Rank="63" Gender="Female" Name="Suzanne" Count="611" />
    <Name State="CA" Year="1960" Rank="64" Gender="Male" Name="Bill" Count="607" />
    <Name State="CA" Year="1960" Rank="64" Gender="Female" Name="Anna" Count="606" />
    <Name State="CA" Year="1960" Rank="65" Gender="Male" Name="Phillip" Count="606" />
    <Name State="CA" Year="1960" Rank="65" Gender="Female" Name="Gloria" Count="586" />
    <Name State="CA" Year="1960" Rank="66" Gender="Male" Name="Tom" Count="606" />
    <Name State="CA" Year="1960" Rank="66" Gender="Female" Name="Sherry" Count="585" />
    <Name State="CA" Year="1960" Rank="67" Gender="Male" Name="Victor" Count="603" />
    <Name State="CA" Year="1960" Rank="67" Gender="Female" Name="Victoria" Count="582" />
    <Name State="CA" Year="1960" Rank="68" Gender="Male" Name="Ricky" Count="594" />
    <Name State="CA" Year="1960" Rank="68" Gender="Female" Name="Dawn" Count="581" />
    <Name State="CA" Year="1960" Rank="69" Gender="Male" Name="Randall" Count="593" />
    <Name State="CA" Year="1960" Rank="69" Gender="Female" Name="Kathryn" Count="577" />
    <Name State="CA" Year="1960" Rank="70" Gender="Male" Name="Arthur" Count="575" />
    <Name State="CA" Year="1960" Rank="70" Gender="Female" Name="Michele" Count="577" />
    <Name State="CA" Year="1960" Rank="71" Gender="Male" Name="Carl" Count="567" />
    <Name State="CA" Year="1960" Rank="71" Gender="Female" Name="Ann" Count="574" />
    <Name State="CA" Year="1960" Rank="72" Gender="Male" Name="Lawrence" Count="544" />
    <Name State="CA" Year="1960" Rank="72" Gender="Female" Name="Lynn" Count="571" />
    <Name State="CA" Year="1960" Rank="73" Gender="Male" Name="Jeffery" Count="516" />
    <Name State="CA" Year="1960" Rank="73" Gender="Female" Name="Vicki" Count="565" />
    <Name State="CA" Year="1960" Rank="74" Gender="Male" Name="Bryan" Count="502" />
    <Name State="CA" Year="1960" Rank="74" Gender="Female" Name="Connie" Count="558" />
    <Name State="CA" Year="1960" Rank="75" Gender="Male" Name="Albert" Count="492" />
    <Name State="CA" Year="1960" Rank="75" Gender="Female" Name="Martha" Count="552" />
    <Name State="CA" Year="1960" Rank="76" Gender="Male" Name="Dan" Count="491" />
    <Name State="CA" Year="1960" Rank="76" Gender="Female" Name="Sylvia" Count="540" />
    <Name State="CA" Year="1960" Rank="77" Gender="Male" Name="Glenn" Count="480" />
    <Name State="CA" Year="1960" Rank="77" Gender="Female" Name="Yolanda" Count="524" />
    <Name State="CA" Year="1960" Rank="78" Gender="Male" Name="Wayne" Count="470" />
    <Name State="CA" Year="1960" Rank="78" Gender="Female" Name="Teri" Count="505" />
    <Name State="CA" Year="1960" Rank="79" Gender="Male" Name="Jack" Count="466" />
    <Name State="CA" Year="1960" Rank="79" Gender="Female" Name="Joyce" Count="486" />
    <Name State="CA" Year="1960" Rank="80" Gender="Male" Name="Todd" Count="464" />
    <Name State="CA" Year="1960" Rank="80" Gender="Female" Name="Angela" Count="483" />
    <Name State="CA" Year="1960" Rank="81" Gender="Male" Name="Don" Count="463" />
    <Name State="CA" Year="1960" Rank="81" Gender="Female" Name="Carrie" Count="478" />
    <Name State="CA" Year="1960" Rank="82" Gender="Male" Name="Gerald" Count="450" />
    <Name State="CA" Year="1960" Rank="82" Gender="Female" Name="Anita" Count="472" />
    <Name State="CA" Year="1960" Rank="83" Gender="Male" Name="Rodney" Count="450" />
    <Name State="CA" Year="1960" Rank="83" Gender="Female" Name="Colleen" Count="470" />
    <Name State="CA" Year="1960" Rank="84" Gender="Male" Name="Johnny" Count="447" />
    <Name State="CA" Year="1960" Rank="84" Gender="Female" Name="Tamara" Count="468" />
    <Name State="CA" Year="1960" Rank="85" Gender="Male" Name="Bradley" Count="446" />
    <Name State="CA" Year="1960" Rank="85" Gender="Female" Name="Andrea" Count="465" />
    <Name State="CA" Year="1960" Rank="86" Gender="Male" Name="Vincent" Count="441" />
    <Name State="CA" Year="1960" Rank="86" Gender="Female" Name="Terry" Count="462" />
    <Name State="CA" Year="1960" Rank="87" Gender="Male" Name="Manuel" Count="439" />
    <Name State="CA" Year="1960" Rank="87" Gender="Female" Name="Christina" Count="459" />
    <Name State="CA" Year="1960" Rank="88" Gender="Male" Name="Curtis" Count="438" />
    <Name State="CA" Year="1960" Rank="88" Gender="Female" Name="Beverly" Count="458" />
    <Name State="CA" Year="1960" Rank="89" Gender="Male" Name="Ralph" Count="429" />
    <Name State="CA" Year="1960" Rank="89" Gender="Female" Name="Sheila" Count="456" />
    <Name State="CA" Year="1960" Rank="90" Gender="Male" Name="Bob" Count="415" />
    <Name State="CA" Year="1960" Rank="90" Gender="Female" Name="Dana" Count="453" />
    <Name State="CA" Year="1960" Rank="91" Gender="Male" Name="Dave" Count="415" />
    <Name State="CA" Year="1960" Rank="91" Gender="Female" Name="Monica" Count="444" />
    <Name State="CA" Year="1960" Rank="92" Gender="Male" Name="Darryl" Count="407" />
    <Name State="CA" Year="1960" Rank="92" Gender="Female" Name="Yvonne" Count="442" />
    <Name State="CA" Year="1960" Rank="93" Gender="Male" Name="Dean" Count="406" />
    <Name State="CA" Year="1960" Rank="93" Gender="Female" Name="Peggy" Count="437" />
    <Name State="CA" Year="1960" Rank="94" Gender="Male" Name="Henry" Count="398" />
    <Name State="CA" Year="1960" Rank="94" Gender="Female" Name="Virginia" Count="436" />
    <Name State="CA" Year="1960" Rank="95" Gender="Male" Name="Philip" Count="398" />
    <Name State="CA" Year="1960" Rank="95" Gender="Female" Name="Bonnie" Count="421" />
    <Name State="CA" Year="1960" Rank="96" Gender="Male" Name="Roy" Count="398" />
    <Name State="CA" Year="1960" Rank="96" Gender="Female" Name="Ruth" Count="412" />
    <Name State="CA" Year="1960" Rank="97" Gender="Male" Name="Jay" Count="396" />
    <Name State="CA" Year="1960" Rank="97" Gender="Female" Name="Sandy" Count="411" />
    <Name State="CA" Year="1960" Rank="98" Gender="Male" Name="Ron" Count="392" />
    <Name State="CA" Year="1960" Rank="98" Gender="Female" Name="Anne" Count="407" />
    <Name State="CA" Year="1960" Rank="99" Gender="Male" Name="Carlos" Count="374" />
    <Name State="CA" Year="1960" Rank="99" Gender="Female" Name="Darlene" Count="399" />
    <Name State="CA" Year="1960" Rank="100" Gender="Male" Name="Gilbert" Count="368" />
    <Name State="CA" Year="1960" Rank="100" Gender="Female" Name="Marie" Count="395" />
    <Name State="CO" Year="1960" Rank="1" Gender="Male" Name="David" Count="898" />
    <Name State="CO" Year="1960" Rank="1" Gender="Female" Name="Mary" Count="439" />
    <Name State="CO" Year="1960" Rank="2" Gender="Male" Name="Michael" Count="798" />
    <Name State="CO" Year="1960" Rank="2" Gender="Female" Name="Karen" Count="371" />
    <Name State="CO" Year="1960" Rank="3" Gender="Male" Name="John" Count="735" />
    <Name State="CO" Year="1960" Rank="3" Gender="Female" Name="Susan" Count="352" />
    <Name State="CO" Year="1960" Rank="4" Gender="Male" Name="Robert" Count="707" />
    <Name State="CO" Year="1960" Rank="4" Gender="Female" Name="Linda" Count="350" />
    <Name State="CO" Year="1960" Rank="5" Gender="Male" Name="Mark" Count="650" />
    <Name State="CO" Year="1960" Rank="5" Gender="Female" Name="Lisa" Count="315" />
    <Name State="CO" Year="1960" Rank="6" Gender="Male" Name="James" Count="627" />
    <Name State="CO" Year="1960" Rank="6" Gender="Female" Name="Debbie" Count="308" />
    <Name State="CO" Year="1960" Rank="7" Gender="Male" Name="Richard" Count="427" />
    <Name State="CO" Year="1960" Rank="7" Gender="Female" Name="Debra" Count="278" />
</PopularNames>
